--All data is fictional. Any resemblance to real persons is purely coincidental.

INSERT INTO Employee (id_employee, empl_surname, empl_name, empl_patronymic, empl_role, salary, date_of_birth, date_of_start, phone_number, city, street, zip_code)
VALUES
('emp001', 'Bondarenko', 'Sofiia', 'Stepanivna', 'manager', 27000.00, '1985-05-15', '2022-12-18', '+380661234567', 'Kyiv', 'Shevchenka', '01001'),
('emp002', 'Dobrynin', 'Petro', 'Petrovich', 'security', 18000.00, '1990-07-20', '2022-12-19', '+380501234568', 'Kyiv', 'Kvitkova', '04050'),
('emp003', 'Sidorov', 'Oleksandr', 'Sidorovych', 'cashier', 17500.00, '1995-03-10', '2022-12-19', '+380501234569', 'Kyiv', 'Desnyanska', '02100'),
('emp004', 'Nosenko', 'Serhii', 'Kyrylovych','cashier', 18000.00, '2001-12-14','2023-04-11', '+380671234598', 'Kyiv', 'Mykoly Zakrevskoho', '02100'),
('emp005', 'Aloyev', 'Oleksandr', 'Pavlovych', 'cashier', 18000.00, '1996-01-17', '2023-05-01', '+380998765432', 'Kyiv', 'Mrii', '03186'),
('emp006', 'Holovko', 'Yana', 'Petrivna', 'cashier', 18500.00, '2003-07-12', '2023-09-11', '+380687742345', 'Kyiv', 'Pryozerna', '04200'),
('emp007', 'Melnyk', 'Kateryna', NULL, 'marketer', 24500.00, '2002-09-18', '2023-12-12', '+380687222111', 'Kyiv', 'Boryspilska', '02090'),
('emp008', 'Urtaev', 'Pavlo', 'Romanovych', 'stocker', 13000.00, '2001-11-11', '2024-02-02', '+380661230987', 'Kyiv', 'Operna', '03186'),
('emp009', 'Afonina', 'Svitlana', 'Olehivna', 'accountant', 22000.00, '1987-04-23', '2024-03-16', '+380998997654', 'Kyiv', 'Ally Horskoii', '03000'),
('emp010', 'Levchuk', 'Oleh', 'Olehovych', 'stocker', 16700.00, '1999-06-13', '2024-04-12', '+380501237839', 'Kyiv', 'Pecherska', '03186'),
('emp011', 'Sokolovskyi', 'Hennadii', 'Ivanovych', 'security', 20000.00, '1981-05-12', '2024-04-24', '+380996781256', 'Kyiv', 'Sicheslavska', '03037');


INSERT INTO Category (category_name)
VALUES
('Vegetables'), --1
('Fruits'),
('Dairy'),
('Meat'),
('Fish and seafood'),
('Snacks'),
('Bread and bakery'),
('Drinks'),
('Pasta, rice and cereals'),
('Frozen foods'); --10


INSERT INTO Product (category_number, product_name, characteristics)
VALUES
-- Vegetables
(1, 'Carrot', 'Fresh, 1 kg'),
(1, 'Potato', 'Washed, 2 kg'),
(1, 'Cucumber', 'Greenhouse, 1 kg'),
(1, 'Tomato', 'Cherry, 500 g'),

-- Fruits
(2, 'Apple', 'Red, 1 kg'),
(2, 'Banana', 'Yellow, 1 kg'),

-- Dairy
(3, 'Milk', '1 liter, 3.2% fat'),
(3, 'Yogurt', 'Strawberry flavor, 250 g'),
(3, 'Cheese', 'Hard cheese, 200 g'),
(3, 'Butter', 'Unsalted, 200 g'),

-- Meat
(4, 'Chicken Breast', 'Boneless, 1 kg'),
(4, 'Pork', 'Neck, 1 kg'),
(4, 'Beef', 'Minced, 1 kg'),

-- Fish and seafood
(5, 'Salmon', 'Fresh fillet, 500 g'),
(5, 'Shrimps', 'Frozen, peeled, 300 g'),

-- Snacks
(6, 'Chips', 'Salted, 150 g'),
(6, 'Chocolate Bar', 'Milk chocolate, 100 g'),

-- Bread and bakery
(7, 'Bread', 'Wheat bread, 500 g'),
(7, 'Croissant', 'Butter, 80 g'),

-- Drinks
(8, 'Fanta', 'Orange, 1 liter'),
(8, 'Mineral Water', 'Carbonated, 1.5 liter'),
(8, 'Tea', 'Black, 100 bags'),
(8, 'Coffee', 'Ground, 250 g'),

-- Pasta, rice and cereals
(9, 'Spaghetti', '500 g'),
(9, 'Rice', 'Long grain, 1 kg'),
(9, 'Buckwheat', '1 kg'),
(9, 'Oatmeal', 'Instant, 500 g'),

-- Frozen foods
(10, 'Frozen Pizza', 'Pepperoni, 400 g'),
(10, 'Frozen Dumplings', 'Meat filling, 900 g'),
(10, 'Ice Cream', 'Vanilla, 500 ml');


INSERT INTO Customer_Card (card_number, cust_surname, cust_name, cust_patronymic, phone_number, city, street, zip_code, percent)
VALUES
('1234567890123', 'Kovalenko', 'Andrii', 'Petrovych', '+380501234570', 'Kyiv', 'Lesi Ukrainky', '01002', 15),
('2345678901234', 'Hrechko', 'Maryna', 'Oleksiiivna', '+380501234571', 'Kyiv', 'Radunska', '02100', 10),
('3456789012345', 'Melnyk', 'Dmytro', 'Mykhailovych', '+380501234572', 'Kyiv', NULL, NULL, 5),
('4567890123456', 'Vlasenko', 'Mark', NULL, '+380661243567', 'Kyiv', NULL, NULL, 10),
('5678901234567', 'Yaremchuk', 'Alla', 'Dmytrivna', '+380667712309', 'Kyiv','Stepana Bandery', '02100', 10),
('6789012345678','Komarov', 'Yevhen', 'Petrovych', '+380603456798', 'Kyiv', NULL, NULL, 15);


INSERT INTO "Check" (check_number, id_employee, card_number, print_date, sum_total, vat)
VALUES
('001', 'emp006', NULL, '2024-05-03 10:30:00', 344.00, 68.80),
('002', 'emp005', '5678901234567', '2024-05-03 11:20:00', 54.00, 10.80),
('003', 'emp006', NULL, '2024-05-03 11:50:00', 388.60, 77.70),
('004', 'emp005', NULL, '2024-05-03 12:00:00', 144.00, 28.80),
('005', 'emp006', '3456789012345', '2024-05-03 12:25:00', 54.15, 10.80),
('006', 'emp003', '1234567890123', '2024-05-03 12:30:00', 123.75, 24.75),
('007', 'emp004', '2345678901234', '2024-05-03 12:45:00', 359.10, 71.80),
('008', 'emp005', '6789012345678', '2024-05-03 13:40:00', 68.50, 13.70),
('009', 'emp004', NULL, '2024-05-03 13:45:00', 538.00, 107.60),
('010', 'emp003', NULL, '2024-05-03 14:00:00', 195.00, 39.00),
('011', 'emp004', '4567890123456', '2024-05-03 14:45:00', 203.00, 40.60),
('012', 'emp005', NULL, '2024-05-03 14:10:00', 210.00, 42.00),
('013', 'emp004', NULL, '2024-05-03 15:10:00', 45.00, 9.00),
('014', 'emp003', '3456789012345', '2024-05-03 15:30:00', 1034.20, 206.80),
('015', 'emp003', NULL, '2024-05-03 16:00:00', 115.60, 23.10),
('016', 'emp006', '4567890123456', '2024-05-03 16:20:00', 237.00, 47.40),
('017', 'emp005', NULL, '2024-05-03 16:30:00', 596.80, 119.35),
('018', 'emp004', '1234567890123', '2024-05-03 16:45:00', 42.50, 8.50),
('019', 'emp003', NULL, '2024-05-03 17:00:00', 268.00, 53.60),
('020', 'emp006', '2345678901234', '2024-05-03 17:10:00', 214.90, 43.00),
('021', 'emp005', NULL, '2024-05-03 17:25:00', 91.60, 18.30),
('022', 'emp004', NULL, '2024-05-03 17:35:00', 270.00, 54.00),
('023', 'emp003', '3456789012345', '2024-05-03 17:45:00', 358.15, 71.60),
('024', 'emp006', NULL, '2024-05-03 18:00:00', 171.60, 34.30),
('025', 'emp004', '4567890123456', '2024-05-03 18:10:00', 107.10, 21.40);

INSERT INTO Store_Product (UPC, UPC_prom, id_product, selling_price, products_number, promotional_product)
VALUES
('000000000001', NULL, 1, 25.00, 100, FALSE),
('000000000002', NULL, 2, 15.00, 120, FALSE),
('000000000003', NULL, 3, 40.00, 90, FALSE),
('000000000004', NULL, 4, 30.00, 200, FALSE),
('000000000005', NULL, 5, 18.00, 150, FALSE),
('000000000006', NULL, 6, 20.00, 300, FALSE),
('000000000007', NULL, 7, 50.00, 80, FALSE),
('000000000008', NULL, 8, 60.00, 70, FALSE),
('000000000009', NULL, 9, 35.00, 110, FALSE),
('000000000010', NULL, 10, 45.00, 90, FALSE),
('000000000011', NULL, 11, 122.00, 130, FALSE),
('000000000012', NULL, 12, 160.00, 160, FALSE),
('000000000013', NULL, 13, 155.00, 75, FALSE),
('000000000014', NULL, 14, 265.00, 65, FALSE),
('000000000015', NULL, 15, 138.00, 95, FALSE),
('000000000016', NULL, 16, 48.00, 85, FALSE),
('000000000017', NULL, 17, 37.00, 105, FALSE),
('000000000018', NULL, 18, 17.00, 145, FALSE),
('000000000019', NULL, 19, 20.00, 155, FALSE),
('000000000020', NULL, 20, 33.00, 115, FALSE),
('000000000021', NULL, 21, 29.00, 125, FALSE),
('000000000022', NULL, 22, 31.00, 135, FALSE),
('000000000023', NULL, 23, 136.00, 145, FALSE),
('000000000024', NULL, 24, 62.00, 155, FALSE),
('000000000025', NULL, 25, 46.00, 165, FALSE),
('000000000026', NULL, 26, 66.00, 175, FALSE),
('000000000027', NULL, 27, 32.00, 185, FALSE),
('000000000028', NULL, 28, 134.00, 195, FALSE),
('000000000029', NULL, 29, 57.00, 205, FALSE),
('000000000030', NULL, 30, 44.00, 215, FALSE),

-- Promotional products
('100000000003', '000000000003', 3, 32.00, 50, TRUE),
('100000000006', '000000000006', 6, 16.00, 60, TRUE),
('100000000009', '000000000009', 9, 28.00, 40, TRUE),
('100000000012', '000000000012', 12, 128.00, 70, TRUE),
('100000000015', '000000000015', 15, 110.40, 30, TRUE),
('100000000018', '000000000018', 18, 13.60, 40, TRUE),
('100000000021', '000000000021', 21, 23.20, 60, TRUE),
('100000000024', '000000000024', 24, 49.60, 50, TRUE),
('100000000027', '000000000027', 27, 25.60, 70, TRUE),
('100000000030', '000000000030', 30, 35.20, 65, TRUE);


INSERT INTO Sale (UPC, check_number, product_number, selling_price)
VALUES
('000000000005', '001', 5, 90.00),
('000000000003', '001', 3, 120.00),
('000000000028', '001', 1, 134.00),
('000000000008', '002', 1, 60.00),
('000000000004', '003', 4, 120.00),
('100000000009', '003', 3, 84.00),
('000000000011', '003', 1, 122.00),
('000000000017', '003', 1, 37.00),
('100000000027', '003', 1, 25.60),
('000000000017', '004', 3, 111.00),
('000000000020', '004', 1, 33.00),
('000000000029', '005', 1, 57.00),
('000000000005', '006', 2, 36.00),
('100000000018', '006', 1, 13.60),
('000000000016', '006', 2, 96.00),
('000000000004', '007', 2, 60.00),
('000000000013', '007', 1, 155.00),
('000000000016', '007', 1, 48.00),
('000000000023', '007', 1, 136.00),
('100000000024', '008', 1, 49.60),
('000000000022', '008', 1, 31.00),
('000000000023', '009', 1, 136.00),
('000000000028', '009', 3, 402.00),
('100000000006', '010', 4, 64.00),
('000000000019', '010', 5, 100.00),
('000000000022', '010', 1, 31.00),
('100000000030', '011', 5, 176.00),
('100000000024', '011', 1, 49.60),
('000000000020', '012', 2, 66.00),
('000000000016', '012', 3, 144.00),
('000000000010', '013', 1,45.00),
('100000000012', '014', 3, 384.00),
('000000000016', '014', 2, 96.00),
('000000000023', '014', 1, 136.00),
('000000000028', '014', 3, 402.00),
('100000000018', '014', 1, 13.60),
('000000000029', '014', 1, 57.00),
('000000000020', '015', 2, 66.00),
('100000000024', '015', 1, 49.60),
('000000000008', '016', 3, 120.00),
('100000000015', '016', 1, 110.40),
('000000000020', '016', 1, 33.00),
('000000000003', '017', 5, 200.00),
('000000000011', '017', 1, 122.00),
('100000000030', '017', 4, 140.80),
('000000000028', '017', 1, 134.00),
('000000000007', '018', 1, 50.00),
('000000000028', '019', 2, 268.00),
('000000000016', '020', 3, 144.00),
('000000000002', '020', 2, 30.00),
('100000000018', '020', 1, 13.60),
('100000000027', '020', 2, 51.20),
('000000000026', '021', 1, 66.00),
('100000000027', '021', 1, 25.60),
('000000000023', '022', 1, 136.00),
('000000000028', '022', 1, 134.00),
('000000000014', '023', 1, 265.00),
('000000000025', '023', 1, 46.00),
('000000000020', '023', 2, 66.00),
('000000000026', '024', 1, 66.00),
('100000000027', '024', 1, 25.60),
('100000000006', '024', 5, 80.00),
('000000000010', '025', 1, 45.00),
('000000000017', '025', 2, 74.00);